epoch,acc,loss,val_acc,val_loss
0,0.5985915660858154,0.8957198858261108,0.5555555820465088,92.42881774902344
1,0.674647867679596,0.5936040878295898,0.5555555820465088,32.14573669433594
2,0.688732385635376,0.5518881678581238,0.5555555820465088,13.535934448242188
3,0.7746478915214539,0.4602411091327667,0.5444444417953491,10.377318382263184
4,0.7464788556098938,0.510919988155365,0.5555555820465088,10.679353713989258
